NDCG@10,MAP@10,Recall@10,P@10,time
0.36478,0.21148,0.88,0.096,1530.903841428156
