NDCG@10,MAP@10,Recall@10,P@10,time
0.83784,0.79259,1.0,0.0216,23.184548002053052
