NDCG@10,MAP@10,Recall@10,P@10,time
0.85614,0.82298,1.0,0.00144,519.0781575975194
