NDCG@10,MAP@10,Recall@10,P@10,time
0.59688,0.4794,1.0,0.00108,703.1503981613182
