NDCG@10,MAP@10,Recall@10,P@10,time
0.84536,0.81012,0.96,0.052,5.004719657534733
