NDCG@10,MAP@10,Recall@10,P@10,time
0.84163,0.80114,1.0,0.00432,153.1189941731561
