NDCG@10,MAP@10,Recall@10,P@10,time
0.80935,0.75431,1.0,0.00216,326.60741391415706
