NDCG@10,MAP@10,Recall@10,P@10,time
0.52117,0.38751,1.0,0.0108,54.845500905541705
