NDCG@10,MAP@10,Recall@10,P@10,time
0.84136,0.82778,0.88,0.096,461.13333177102265
