NDCG@10,MAP@10,Recall@10,P@10,time
0.46501,0.3393,0.88,0.096,455.4815641414188
