q,qid,time,ids,stats
19,100,3514.916029385058,"['7568596', '751192', '2758012', '2405259', '600808', '17271462', '14116046', '5612738', '4544916', '36547290']","{'total_tokens': 7450337, 'total_llm_calls': 10646, 'explanations': {}}"
20,113,2605.612278896966,"['23576726', '25837950', '15728433', '46837626', '4306711', '9955779', '797114', '35467590', '40500438', '756887']","{'total_tokens': 6134893, 'total_llm_calls': 6241, 'explanations': {}}"
21,115,2143.634559029015,"['23576726', '2758012', '15879544', '10576136', '5386514', '20868160', '22467585', '9110810', '8182950', '20610557']","{'total_tokens': 5970747, 'total_llm_calls': 7756, 'explanations': {}}"
22,118,2878.1785260449396,"['16389141', '6372244', '4465735', '2405259', '5573975', '38028419', '18956141', '44693226', '6000423', '4303939']","{'total_tokens': 5031212, 'total_llm_calls': 6976, 'explanations': {}}"
23,124,2151.289937078953,"['10072941', '8816869', '18268012', '23577867', '35760786', '8122346', '1568684', '27768226', '8909176', '8426046']","{'total_tokens': 5791364, 'total_llm_calls': 6402, 'explanations': {}}"
24,127,2348.6122461239574,"['13583615', '21114100', '4452659', '23576726', '11922370', '27555165', '4544916', '7177329', '18691097', '17097974']","{'total_tokens': 5305788, 'total_llm_calls': 6936, 'explanations': {}}"
