q,qid,time,ids,stats
0,1,27566.747425330977,"['1469751', '9646449', '35008773', '31882215', '10931595', '17327939', '19855358', '6219790', '16532419', '21456232']","{'total_tokens': 7255397, 'total_llm_calls': 8905, 'explanations': {}}"
1,3,21024.134416315996,"['23389795', '2107238', '2739854', '14717500', '4414547', '6290112', '13949015', '1544804', '19058822', '45200347']","{'total_tokens': 5449355, 'total_llm_calls': 6594, 'explanations': {}}"
