q,qid,time,ids,stats
16,75,2346.548785088933,"['3619931', '3222122', '2151983', '6536598', '17755060', '4544916', '1226452', '11915280', '18041692', '10463997']","{'total_tokens': 5462020, 'total_llm_calls': 7228, 'explanations': {}}"
17,94,2181.1640643120045,"['20868160', '42080024', '25822299', '18841257', '23418635', '3435889', '15928989', '2565138', '10284593', '42520882']","{'total_tokens': 4958007, 'total_llm_calls': 7112, 'explanations': {}}"
18,99,4487.134222885943,"['11666252', '5573975', '23208167', '23601616', '2758012', '18038955', '9881829', '57783564', '26374799', '20610557']","{'total_tokens': 6166484, 'total_llm_calls': 7978, 'explanations': {}}"
