q,qid,time,ids,stats
0,1,3654.351350171026,"['4394525', '37608303', '15879544', '12337611', '14865329', '10482574', '15803282', '21170174', '15337254', '1469751']","{'total_tokens': 7433349, 'total_llm_calls': 9242, 'explanations': {}}"
1,3,2115.057639153092,"['13905670', '751192', '6327940', '40349336', '57783564', '3672261', '994800', '3619931', '21258863', '23576726']","{'total_tokens': 6087784, 'total_llm_calls': 7301, 'explanations': {}}"
