NDCG@10,MAP@10,Recall@10,P@10,time
0.4221,0.26569,0.92,0.1,5448.155425992384
