NDCG@10,MAP@10,Recall@10,P@10,time
0.80246,0.79,0.84,0.088,890.844136676921
