NDCG@10,MAP@10,Recall@10,P@10,time
0.41735,0.27498,0.88,0.096,583.2273195002042
