NDCG@10,MAP@10,Recall@10,P@10,time
0.40229,0.26865,0.86,0.092,89.50583950307686
