NDCG@10,MAP@10,Recall@10,P@10,time
0.45153,0.30048,0.96,0.104,97.74779148476199
