NDCG@10,MAP@10,Recall@10,P@10,time
0.32619,0.17287,0.84,0.088,137.65592227647778
