NDCG@10,MAP@10,Recall@10,P@10,time
0.35215,0.17302,0.96,0.104,77.43699446000858
