NDCG@10,MAP@10,Recall@10,P@10,time
0.42763,0.28052,0.9,0.096,93.93393336996203
