NDCG@10,MAP@10,Recall@10,P@10,time
0.45512,0.31121,0.9,0.096,88.73730986535317
