NDCG@10,MAP@10,Recall@10,P@10,time
0.3751,0.22103,0.88,0.096,428.40401535643264
