Recall@10,NDCG@10,time
0.412,0.5157917879322086,367.17966178384665
