Recall@10,NDCG@10,time
0.42400000000000004,0.528108246301969,434.88083957767117
