Recall@10,NDCG@10,time
0.42,0.5166901980782534,461.13333177102265
