Recall@10,NDCG@10,time
0.42,0.5245004931568,560.793669250263
