Recall@10,NDCG@10,time
0.41600000000000004,0.5187514573871503,657.4505666276607
