Recall@10,NDCG@10,time
0.44,0.5459066861768944,343.59687770992286
