NDCG@10,MAP@10,Recall@10,P@10,time
0.48171,0.34548,0.92,0.1,650.9257998742796
