NDCG@10,MAP@10,Recall@10,P@10,time
0.51647,0.39192,0.92,0.1,337.39017677259864
