NDCG@10,MAP@10,Recall@10,P@10,time
0.4011,0.24249,0.92,0.096,35.53715479131788
