NDCG@10,MAP@10,Recall@10,P@10,time
0.34167,0.17149,0.92,0.1,36.34779147883877
