NDCG@10,MAP@10,Recall@10,P@10,time
0.44247,0.31248,0.86,0.092,34.40046478819801
