NDCG@10,MAP@10,Recall@10,P@10,time
0.36489,0.196,0.92,0.1,32.52378746796399
