NDCG@10,MAP@10,Recall@10,P@10,time
0.41472,0.27571,0.86,0.092,50.71835944632068
