NDCG@10,MAP@10,Recall@10,P@10,time
0.45712,0.31775,0.92,0.1,35.30287396651693
