NDCG@10,MAP@10,Recall@10,P@10,time
0.41088,0.27065,0.88,0.096,361.03606264824106
