NDCG@10,MAP@10,Recall@10,P@10,time
0.85583,0.84733,0.88,0.096,367.17966178384665
