NDCG@10,MAP@10,Recall@10,P@10,time
0.89612,0.88778,0.92,0.1,343.59687770992286
