spearman,kendalltau,time
0.4428643803233411,0.33740274294697165,102.06101987999864
