spearman,kendalltau,time
0.6256586138028678,0.4883568436425923,221.01589507586323
