spearman,kendalltau,time
0.5299910220162481,0.4076562615821022,105.471267510904
