spearman,kendalltau,time
0.47791569089629327,0.36363379175405175,106.46279807505198
