spearman,kendalltau,time
0.48893789716752717,0.37200815247999436,111.0827457359992
