spearman,kendalltau,time
0.5673253863044574,0.4329621728987071,106.13365461095236
