spearman,kendalltau,time
0.6143317407988216,0.4745590903547451,224.54670200310647
