spearman,kendalltau,time
0.5077047757751978,0.3767049895784258,104.42930406099185
