spearman,kendalltau,time
0.4793369157543672,0.3632218975779596,103.20031994604506
