spearman,kendalltau,time
0.621824727344204,0.47448910459032495,232.75466068298556
