spearman,kendalltau,time
0.6239627385762345,0.4782620119348676,226.52102472586557
