spearman,kendalltau,time
0.6344516010496656,0.4934825713581955,225.15193623187952
