spearman,kendalltau,time
0.4775463047630937,0.3567583276515243,104.02983618504368
