spearman,kendalltau,time
0.6440397617832603,0.5009947087712937,226.21852230792865
