spearman,kendalltau,time
0.6435479854292093,0.5017315567231287,229.075535222888
