spearman,kendalltau,time
0.6047498912770728,0.4675755488657852,225.54481198405847
