spearman,kendalltau,time
0.6215355063764264,0.47954632252006524,220.47298879013397
