NDCG@10,MAP@10,Recall@10,P@10,time
0.09578,0.07708,0.14583,0.01667,2550.6347586084157
