NDCG@10,MAP@10,Recall@10,P@10,time
0.33929,0.18737,0.84,0.088,883.7466819256754
