NDCG@10,MAP@10,Recall@10,P@10,time
0.36748,0.20177,0.92,0.1,33.89472770256456
