NDCG@10,MAP@10,Recall@10,P@10,time
0.37758,0.22068,0.88,0.096,417.06415751080493
