NDCG@10,MAP@10,Recall@10,P@10,time
0.37456,0.23854,0.84,0.092,413.4964933082019
