NDCG@10,MAP@10,Recall@10,P@10,time
0.45707,0.31925,0.9,0.096,547.14538948028
