NDCG@10,MAP@10,Recall@10,P@10,time
0.42881,0.29031,0.88,0.096,551.5905185441995
