NDCG@10,MAP@10,Recall@10,P@10,time
0.19152,0.12887,0.4,0.04,785.6147482651216
