NDCG@10,MAP@10,Recall@10,P@10,time
0.43655,0.2794,0.96,0.104,862.7472496064391
