NDCG@10,MAP@10,Recall@10,P@10,time
0.35615,0.18704,0.92,0.1,493.31489365579995
