spearman,kendalltau,time
0.43758527324355573,0.3318071105563843,119.61298523610458
