spearman,kendalltau,time
0.56028998639684,0.427211362255237,119.99943765788339
