spearman,kendalltau,time
0.4213704121169104,0.3157141106941958,121.78792200493626
