spearman,kendalltau,time
0.488773488132524,0.3713806471523663,120.1671517288778
