spearman,kendalltau,time
0.5281327139836891,0.39950860345493133,118.58927358686924
