spearman,kendalltau,time
0.4857492978732775,0.3671235594292346,118.11070635309443
