spearman,kendalltau,time
0.44538985180868157,0.3399781564092496,118.09562970185652
