NDCG@10,MAP@10,Recall@10,P@10,time
0.82842,0.80167,0.9,0.095,7181.973161296456
