NDCG@10,MAP@10,Recall@10,P@10,time
0.15952,0.08916,0.4,0.04,785.9193820096948
