NDCG@10,MAP@10,Recall@10,P@10,time
0.42222,0.26586,0.92,0.1,396.0270612525474
