NDCG@10,MAP@10,Recall@10,P@10,time
0.43105,0.30784,0.84,0.092,581.6230988904787
