NDCG@10,MAP@10,Recall@10,P@10,time
0.37214,0.21109,0.92,0.1,414.81693372975803
