NDCG@10,MAP@10,Recall@10,P@10,time
0.50067,0.35389,1.0,0.1,1603.0691503534326
