q,NDCG@10,MAP@10,Recall@10,P@10
20,"[0.0, 0.0, 0.0, 1.0, 0.38685]","[0.0, 0.0, 0.0, 1.0, 0.2]","[0.0, 0.0, 0.0, 1.0, 1.0]","[0.0, 0.0, 0.0, 0.1, 0.1]"
21,"[0.0, 0.0, 0.0, 0.0, 0.0, 1.0, 1.0]","[0.0, 0.0, 0.0, 0.0, 0.0, 1.0, 1.0]","[0.0, 0.0, 0.0, 0.0, 0.0, 1.0, 1.0]","[0.0, 0.0, 0.0, 0.0, 0.0, 0.1, 0.1]"
22,"[0.0, 0.0, 0.0, 0.5]","[0.0, 0.0, 0.0, 0.33333]","[0.0, 0.0, 0.0, 1.0]","[0.0, 0.0, 0.0, 0.1]"
23,"[0.0, 0.0, 0.30103]","[0.0, 0.0, 0.11111]","[0.0, 0.0, 1.0]","[0.0, 0.0, 0.1]"
24,"[0.0, 0.0, 1.0, 1.0, 0.31546]","[0.0, 0.0, 1.0, 1.0, 0.125]","[0.0, 0.0, 1.0, 1.0, 1.0]","[0.0, 0.0, 0.1, 0.1, 0.1]"
