NDCG@10,MAP@10,Recall@10,P@10,time
0.39837,0.25192,0.88,0.096,542.0351103000902
