NDCG@10,MAP@10,Recall@10,P@10,time
0.37812,0.22405,0.88,0.096,451.1809421366407
