NDCG@10,MAP@10,Recall@10,P@10,time
0.39087,0.24468,0.86,0.092,452.34053425315767
