NDCG@10,MAP@10,Recall@10,P@10,time
0.50637,0.39022,0.88,0.096,497.02249989892124
