NDCG@10,MAP@10,Recall@10,P@10,time
0.39679,0.24478,0.9,0.096,571.9609093574295
