NDCG@10,MAP@10,Recall@10,P@10,time
0.49272,0.3526,0.96,0.104,418.20103572027756
