NDCG@10,MAP@10,Recall@10,P@10,time
0.41333,0.28921,0.82,0.088,440.06067072208504
