NDCG@10,MAP@10,Recall@10,P@10,time
0.41877,0.2786,0.88,0.096,411.5869764190377
