NDCG@10,MAP@10,Recall@10,P@10,time
0.44857,0.32243,0.88,0.096,454.8576230328251
