NDCG@10,MAP@10,Recall@10,P@10,time
0.38842,0.22587,0.92,0.1,421.3749377869954
