NDCG@10,MAP@10,Recall@10,P@10,time
0.44342,0.29013,0.94,0.1,474.0428558509191
