Recall@10,NDCG@10,time
0.0375,0.03945661972725409,2550.6347586084157
