Recall@10,NDCG@10,time
0.51,0.6015770448094542,7181.973161296456
