Recall@10,NDCG@10,time
0.41600000000000004,0.5341784379944002,518.5148804824007
