NDCG@10,MAP@10,Recall@10,P@10,time
0.3808,0.23424,0.88,0.096,360.729251540681
