NDCG@10,MAP@10,Recall@10,P@10,time
0.82215,0.80238,0.88,0.096,434.88083957767117
