spearman,kendalltau,time
0.4530711875041327,0.33470443314196696,115.39312971504368
