spearman,kendalltau,time
0.4913744542863006,0.3627962475120079,110.49900214711846
