spearman,kendalltau,time
0.47791569089629327,0.36363379175405175,110.05961757305198
