spearman,kendalltau,time
0.4427907046653269,0.33712366706364083,105.49939567899867
