spearman,kendalltau,time
0.5674439265914522,0.4330744010368281,109.45623640795242
