NDCG@10,MAP@10,Recall@10,P@10,time
0.8053,0.77983,0.88,0.096,459.7567640658701
