NDCG@10,MAP@10,Recall@10,P@10,time
0.4776,0.35032,0.88,0.096,455.469307926516
