NDCG@10,MAP@10,Recall@10,P@10,time
0.53069,0.42289,0.88,0.096,455.44238363449927
