NDCG@10,MAP@10,Recall@10,P@10,time
0.83822,0.824,0.88,0.096,459.6309290384129
