NDCG@10,MAP@10,Recall@10,P@10,time
0.85425,0.84667,0.88,0.092,443.0587333472562
