NDCG@10,MAP@10,Recall@10,P@10,time
0.8719,0.85567,0.92,0.1,338.46891380771996
