NDCG@10,MAP@10,Recall@10,P@10,time
0.87874,0.86405,0.92,0.1,569.3948273702408
