NDCG@10,MAP@10,Recall@10,P@10,time
0.32822,0.16489,0.88,0.096,2886.7842876339705
