NDCG@10,MAP@10,Recall@10,P@10,time
0.50783,0.37189,0.96,0.104,554.356864495948
