NDCG@10,MAP@10,Recall@10,P@10,time
0.37136,0.21436,0.88,0.096,1627.089555307813
