NDCG@10,MAP@10,Recall@10,P@10,time
0.38385,0.2099,0.96,0.104,826.7596743346518
