NDCG@10,MAP@10,Recall@10,P@10,time
0.33943,0.15011,1.0,0.10714,2904.4775688350865
