NDCG@10,MAP@10,Recall@10,P@10,time
0.37885,0.21173,0.94,0.1,1512.8544892315333
