NDCG@10,MAP@10,Recall@10,P@10,time
0.36735,0.18519,1.0,0.1,1470.0798285272904
