q,NDCG@10,MAP@10,Recall@10,P@10
21,"[0.0, 0.0, 0.0, 0.0, 0.31546]","[0.0, 0.0, 0.0, 0.0, 0.125]","[0.0, 0.0, 0.0, 0.0, 1.0]","[0.0, 0.0, 0.0, 0.0, 0.1]"
22,"[0.0, 0.0, 0.33333]","[0.0, 0.0, 0.14286]","[0.0, 0.0, 1.0]","[0.0, 0.0, 0.1]"
23,"[0.0, 0.0, 0.33333]","[0.0, 0.0, 0.14286]","[0.0, 0.0, 1.0]","[0.0, 0.0, 0.1]"
24,"[0.0, 0.0, 1.0, 1.0, 1.0, 0.63093]","[0.0, 0.0, 1.0, 1.0, 1.0, 0.5]","[0.0, 0.0, 1.0, 1.0, 1.0, 1.0]","[0.0, 0.0, 0.1, 0.1, 0.1, 0.1]"
