q,qid,did,n_call,time,d_size,m_size,l_latency,c_count,i_der
22,118,"['4465735', '4695107', '12658073', '32454714', '31460499', '20148808', '15578265', '52805891', '6372244', '34603465']",1113,1313.4893392699305,"[0, 0, 9, 9, 10]","[5183, 5183, 68, 10, 0]","[0.0, 5.454698111861944e-05, 1293.3209919469664, 1313.4227786520496, 1313.4893018519506]","[0, 0, 1094, 1112, 1113]","[[], [], ['4465735', '4695107', '32454714', '31460499', '20148808', '15578265', '52805891', '6372244', '34603465'], ['4465735', '4695107', '32454714', '31460499', '20148808', '15578265', '52805891', '6372244', '34603465'], ['4465735', '4695107', '12658073', '32454714', '31460499', '20148808', '15578265', '52805891', '6372244', '34603465']]"
23,124,"['1986482', '14319754', '7111021', '13899137', '31363207', '374902', '13071728', '21479231', '4883040', '32012666']",1105,1312.4682825190248,"[0, 0, 0, 0, 10]","[5183, 5183, 32, 14, 0]","[0.0, 8.828938007354736e-06, 1288.534034644952, 1308.887357504922, 1312.4682513289154]","[0, 0, 1094, 1104, 1105]","[[], [], [], [], ['1986482', '14319754', '7111021', '13899137', '31363207', '374902', '13071728', '21479231', '4883040', '32012666']]"
24,127,"['600437', '5760247', '21598000', '24555417', '11419230', '35231675', '22029384', '4421578', '30884033', '7549811']",1511,1784.2818637929158,"[0, 0, 6, 6, 6, 6, 6, 10]","[5183, 5183, 1643, 165, 71, 41, 14, 0]","[0.0, 7.976079359650612e-06, 1288.5627833090257, 1702.0936044080881, 1740.7807028830284, 1760.8667316540377, 1780.704383003991, 1784.2818311360897]","[0, 0, 1094, 1444, 1482, 1500, 1510, 1511]","[[], [], ['600437', '24555417', '35231675', '22029384', '21598000', '7549811'], ['600437', '24555417', '35231675', '22029384', '21598000', '7549811'], ['600437', '24555417', '35231675', '22029384', '21598000', '7549811'], ['600437', '24555417', '35231675', '22029384', '21598000', '7549811'], ['600437', '24555417', '35231675', '22029384', '21598000', '7549811'], ['600437', '5760247', '21598000', '24555417', '11419230', '35231675', '22029384', '4421578', '30884033', '7549811']]"
