q,qid,did,n_call,time,d_size,m_size,l_latency,c_count,i_der
21,115,"['37037012', '8604837', '4942718', '73473433', '3580005', '11884292', '1234098', '33872649', '8182950', '26314743']",4789,5635.218858337961,"[0, 0, 0, 0, 10]","[5183, 5183, 522, 20, 0]","[0.0, 4.414399154484272e-05, 5102.138847243041, 5630.423231126973, 5635.218818339985]","[0, 0, 4354, 4788, 4789]","[[], [], [], [], ['37037012', '8604837', '4942718', '73473433', '3580005', '11884292', '1234098', '33872649', '8182950', '26314743']]"
22,118,"['20148808', '52805891', '46602807', '32454714', '31460499', '4695107', '6372244', '34603465', '15578265', '4465735']",4354,5094.439788502874,"[0, 0, 10]","[5183, 5183, 0]","[0.0, 6.541144102811813e-06, 5094.439750859048]","[0, 0, 4354]","[[], [], ['20148808', '52805891', '46602807', '32454714', '31460499', '4695107', '6372244', '34603465', '15578265', '4465735']]"
23,124,"['374902', '13899137', '7111021', '57121667', '32012666', '35087728', '4883040', '21479231', '31363207', '16787954']",4354,5095.50301462505,"[0, 0, 10]","[5183, 5183, 0]","[0.0, 7.697148248553276e-06, 5095.502985534025]","[0, 0, 4354]","[[], [], ['374902', '13899137', '7111021', '57121667', '32012666', '35087728', '4883040', '21479231', '31363207', '16787954']]"
24,127,"['293661', '21598000', '11419230', '14205246', '35231675', '22029384', '18126445', '5321708', '30884033', '7549811']",4854,5736.98288168502,"[0, 0, 3, 3, 3, 10]","[5183, 5183, 496, 89, 22, 0]","[0.0, 6.163027137517929e-06, 5094.202989324927, 5623.06225964101, 5703.253753090976, 5736.982850434957]","[0, 0, 4354, 4772, 4838, 4854]","[[], [], ['35231675', '7549811', '21598000'], ['35231675', '7549811', '21598000'], ['35231675', '7549811', '21598000'], ['293661', '21598000', '11419230', '14205246', '35231675', '22029384', '18126445', '5321708', '30884033', '7549811']]"
