NDCG@10,MAP@10,Recall@10,P@10,time
0.41709,0.25865,0.92,0.1,1153.9898184612207
