NDCG@10,MAP@10,Recall@10,P@10,time
0.40898,0.27154,0.84,0.092,796.9350554389692
