q,qid,did,n_call,time,d_size,m_size,l_latency,c_count,i_der
0,1,"['169264', '17097974', '17388232', '4346436', '21456232', '59453688', '17518195', '121581019', '4447785', '19855358']",6393,7555.187010776019,"[0, 0, 0, 3, 3, 5, 10]","[5183, 5183, 2003, 375, 67, 8, 0]","[0.0, 4.597008228302002e-05, 5092.468120016158, 7094.087478967151, 7472.781992715085, 7553.286032400094, 7555.1869667801075]","[0, 0, 4354, 6036, 6342, 6392, 6393]","[[], [], [], ['4346436', '21456232', '121581019'], ['4346436', '21456232', '121581019'], ['4346436', '21456232', '169264', '121581019', '19855358'], ['169264', '17097974', '17388232', '4346436', '21456232', '59453688', '17518195', '121581019', '4447785', '19855358']]"
1,3,"['36399107', '23389795', '8577229', '32181055', '4414547', '14717500', '2739854', '1831916', '4632921', '35256900']",4741,5544.3178153890185,"[0, 0, 0, 0, 10]","[5183, 5183, 468, 11, 0]","[0.0, 9.584007784724236e-06, 5087.648248489015, 5541.574682720937, 5544.317784342915]","[0, 0, 4354, 4740, 4741]","[[], [], [], [], ['36399107', '23389795', '8577229', '32181055', '4414547', '14717500', '2739854', '1831916', '4632921', '35256900']]"
2,5,"['42240424', '13734012', '17333231', '695938', '1292369', '1583041', '21550246', '18617259', '15879544', '11349166']",4355,5093.914723253809,"[0, 0, 5, 10]","[5183, 5183, 14, 0]","[0.0, 6.360933184623718e-06, 5090.311120491009, 5093.914692149963]","[0, 0, 4354, 4355]","[[], [], ['17333231', '11349166', '1583041', '21550246', '18617259'], ['42240424', '13734012', '17333231', '695938', '1292369', '1583041', '21550246', '18617259', '15879544', '11349166']]"
3,13,"['1263446', '8529693', '4423220', '7662395', '25069745', '26611834', '11748341', '23557241', '9513785', '17450673']",4453,5241.861119295005,"[0, 0, 4, 4, 10]","[5183, 5183, 112, 10, 0]","[0.0, 7.191905751824379e-06, 5086.9852164948825, 5241.6986056859605, 5241.86109046801]","[0, 0, 4354, 4452, 4453]","[[], [], ['1263446', '9513785', '26611834', '17450673'], ['1263446', '9513785', '26611834', '17450673'], ['1263446', '8529693', '4423220', '7662395', '25069745', '26611834', '11748341', '23557241', '9513785', '17450673']]"
