NDCG@10,MAP@10,Recall@10,P@10,time
0.40327,0.22768,1.0,0.1,5390.536135787726
