NDCG@10,MAP@10,Recall@10,P@10,time
0.47555,0.34514,0.92,0.1,798.0072056977498
