spearman,kendalltau,time
0.44538985180868157,0.3399781564092496,121.6347829798566
