spearman,kendalltau,time
0.56028998639684,0.427211362255237,123.5081459448834
