spearman,kendalltau,time
0.43732238729206907,0.33457783497827215,126.51500345283456
