spearman,kendalltau,time
0.4213704121169104,0.3157141106941958,124.65044774493629
