spearman,kendalltau,time
0.489581116861898,0.36582112631511066,120.6519089500862
