spearman,kendalltau,time
0.5281327139836891,0.39950860345493133,122.10777697386925
