spearman,kendalltau,time
0.4137967538609542,0.31669139092292486,127.5391654160254
