NDCG@10,MAP@10,Recall@10,P@10,time
0.51702,0.39054,0.92,0.1,123.18223750920035
