NDCG@10,MAP@10,Recall@10,P@10,time
0.47451,0.34081,0.9,0.096,186.45750697952928
