NDCG@10,MAP@10,Recall@10,P@10,time
0.48709,0.34453,0.94,0.1,107.79751451106975
