NDCG@10,MAP@10,Recall@10,P@10,time
0.44226,0.31365,0.88,0.092,114.9530728936824
