NDCG@10,MAP@10,Recall@10,P@10,time
0.46078,0.3213,0.92,0.1,107.28157190215308
