NDCG@10,MAP@10,Recall@10,P@10,time
0.3899,0.24394,0.88,0.092,124.33228777063778
