NDCG@10,MAP@10,Recall@10,P@10,time
0.38604,0.23527,0.88,0.092,62.41735951216426
