NDCG@10,MAP@10,Recall@10,P@10,time
0.39317,0.24035,0.9,0.096,59.80992453934625
