NDCG@10,MAP@10,Recall@10,P@10,time
0.43378,0.29952,0.88,0.092,63.84965924008051
