NDCG@10,MAP@10,Recall@10,P@10,time
0.43621,0.30314,0.88,0.092,65.27827671467094
