NDCG@10,MAP@10,Recall@10,P@10,time
0.39146,0.2447,0.88,0.092,100.10191003044369
