NDCG@10,MAP@10,Recall@10,P@10,time
0.34982,0.20762,0.84,0.092,68.38440989096416
