NDCG@10,MAP@10,Recall@10,P@10,time
0.44055,0.30444,0.88,0.092,24.233557409795466
