NDCG@10,MAP@10,Recall@10,P@10,time
0.48375,0.3613,0.88,0.096,17.163181559608784
