NDCG@10,MAP@10,Recall@10,P@10,time
0.40783,0.2686,0.86,0.092,21.458366643604823
