NDCG@10,MAP@10,Recall@10,P@10,time
0.39988,0.23587,0.92,0.1,20.68073647215031
