NDCG@10,MAP@10,Recall@10,P@10,time
0.41631,0.28016,0.86,0.092,16.762346966201438
