NDCG@10,MAP@10,Recall@10,P@10,time
0.42078,0.2961,0.82,0.088,18.738733125354628
