NDCG@10,MAP@10,Recall@10,P@10,time
0.54787,0.43641,0.92,0.1,337.92755877768855
