NDCG@10,MAP@10,Recall@10,P@10,time
0.76782,0.74494,0.84,0.092,480.89924631719475
