NDCG@10,MAP@10,Recall@10,P@10,time
0.79653,0.78167,0.84,0.092,523.6200658784342
