NDCG@10,MAP@10,Recall@10,P@10,time
0.40491,0.25229,0.92,0.1,450.8959735327959
