NDCG@10,MAP@10,Recall@10,P@10,time
0.47183,0.32038,0.96,0.104,554.9123428216204
