NDCG@10,MAP@10,Recall@10,P@10,time
0.90398,0.88405,0.96,0.104,560.793669250263
