NDCG@10,MAP@10,Recall@10,P@10,time
0.88006,0.8665,0.92,0.1,657.4505666276607
