NDCG@10,MAP@10,Recall@10,P@10,time
0.39356,0.22921,0.92,0.1,651.5772867648052
