spearman,kendalltau,time
0.4129756495947879,0.3679153983387551,30.58726330497302
