spearman,kendalltau,time
0.4129756495947879,0.3679153983387551,31.344017983181402
