spearman,kendalltau,time
0.3818393620292905,0.33972280794565385,30.24201068887487
