spearman,kendalltau,time
0.39928132392279475,0.3566820818982029,10.923188683809713
