spearman,kendalltau,time
0.37545082485186926,0.3338866104986937,31.561684141866863
