spearman,kendalltau,time
0.3818393620292905,0.33972280794565385,9.633614331949502
