spearman,kendalltau,time
0.38077256777809737,0.337763161768576,30.196630160091445
