spearman,kendalltau,time
0.39755685506066335,0.3539576297041898,31.419113802956417
