NDCG@10,MAP@10,Recall@10,P@10,time
0.45205,0.32189,0.88,0.096,428.76292534449135
