NDCG@10,MAP@10,Recall@10,P@10,time
0.83723,0.82333,0.88,0.092,518.5148804824007
